B00WQOESK6,$80.00
B00WQOESK6,$80.00
B07JW9BWFK,$80.00
B00WQOESK6,$80.00
B07JW9BWFK,$80.00
B00LZM51A6,$80.00
B00WQOESK6,$80.00
B07JW9BWFK,$80.00
B00LZM51A6,$80.00
B00WO7UFNO,$80.00
B00WQOESK6,$80.00
B07JW9BWFK,$80.00
B00LZM51A6,$80.00
B00WO7UFNO,$80.00
B00RT2T3DC,$80.00
B00WQOESK6,$80.00
B07JW9BWFK,$80.00
B00LZM51A6,$80.00
B00WO7UFNO,$80.00
B00RT2T3DC,$80.00
B00WQOESK6,$80.00
B00WQOESK6,$80.00
B07JW9BWFK,$80.00
B00LZM51A6,$80.00
B00WO7UFNO,$80.00
B00RT2T3DC,$80.00
B00WQOESK6,$80.00
B07RKZ9SZV,$10.99
B00WQOESK6,$80.00
B07JW9BWFK,$80.00
B00LZM51A6,$80.00
B00WO7UFNO,$80.00
B00RT2T3DC,$80.00
B00WQOESK6,$80.00
B07RKZ9SZV,$10.99
B089YGRPS6,$10.99
B00WQOESK6,$80.00
B07JW9BWFK,$80.00
B00LZM51A6,$80.00
B00WO7UFNO,$80.00
B00RT2T3DC,$80.00
B00WQOESK6,$80.00
B07RKZ9SZV,$10.99
B089YGRPS6,$10.99
B07JZ5LL7K,$10.99
B00WQOESK6,$80.00
B07JW9BWFK,$80.00
B00LZM51A6,$80.00
B00WO7UFNO,$80.00
B00RT2T3DC,$80.00
B00WQOESK6,$80.00
B07RKZ9SZV,$10.99
B089YGRPS6,$10.99
B07JZ5LL7K,$10.99
B07RXHDFWW,$10.99
B00WQOESK6,$80.00
B07JW9BWFK,$80.00
B00LZM51A6,$80.00
B00WO7UFNO,$80.00
B00RT2T3DC,$80.00
B00WQOESK6,$80.00
B07RKZ9SZV,$10.99
B089YGRPS6,$10.99
B07JZ5LL7K,$10.99
B07RXHDFWW,$10.99
B089Y4QS58,$10.99
B00WQOESK6,$80.00
B07JW9BWFK,$80.00
B00LZM51A6,$80.00
B00WO7UFNO,$80.00
B00RT2T3DC,$80.00
B00WQOESK6,$80.00
B07RKZ9SZV,$10.99
B089YGRPS6,$10.99
B07JZ5LL7K,$10.99
B07RXHDFWW,$10.99
B089Y4QS58,$10.99
B07VCQ869B,$21.99
B00WQOESK6,$80.00
B07JW9BWFK,$80.00
B00LZM51A6,$80.00
B00WO7UFNO,$80.00
B00RT2T3DC,$80.00
B00WQOESK6,$80.00
B07RKZ9SZV,$10.99
B089YGRPS6,$10.99
B07JZ5LL7K,$10.99
B07RXHDFWW,$10.99
B089Y4QS58,$10.99
B07VCQ869B,$21.99
B07W9JKLGV,$21.99
B00WQOESK6,$80.00
B07JW9BWFK,$80.00
B00LZM51A6,$80.00
B00WO7UFNO,$80.00
B00RT2T3DC,$80.00
B00WQOESK6,$80.00
B07RKZ9SZV,$10.99
B089YGRPS6,$10.99
B07JZ5LL7K,$10.99
B07RXHDFWW,$10.99
B089Y4QS58,$10.99
B07VCQ869B,$21.99
B07W9JKLGV,$21.99
B08BCH1TJC,$12.99
B00WQOESK6,$80.00
B07JW9BWFK,$80.00
B00LZM51A6,$80.00
B00WO7UFNO,$80.00
B00RT2T3DC,$80.00
B00WQOESK6,$80.00
B07RKZ9SZV,$10.99
B089YGRPS6,$10.99
B07JZ5LL7K,$10.99
B07RXHDFWW,$10.99
B089Y4QS58,$10.99
B07VCQ869B,$21.99
B07W9JKLGV,$21.99
B08BCH1TJC,$12.99
B07XZD94WJ,$12.99
B00WQOESK6,$80.00
B07JW9BWFK,$80.00
B00LZM51A6,$80.00
B00WO7UFNO,$80.00
B00RT2T3DC,$80.00
B00WQOESK6,$80.00
B07RKZ9SZV,$10.99
B089YGRPS6,$10.99
B07JZ5LL7K,$10.99
B07RXHDFWW,$10.99
B089Y4QS58,$10.99
B07VCQ869B,$21.99
B07W9JKLGV,$21.99
B08BCH1TJC,$12.99
B07XZD94WJ,$12.99
B07787L89H,$36.90
B00WQOESK6,$80.00
B07JW9BWFK,$80.00
B00LZM51A6,$80.00
B00WO7UFNO,$80.00
B00RT2T3DC,$80.00
B00WQOESK6,$80.00
B07RKZ9SZV,$10.99
B089YGRPS6,$10.99
B07JZ5LL7K,$10.99
B07RXHDFWW,$10.99
B089Y4QS58,$10.99
B07VCQ869B,$21.99
B07W9JKLGV,$21.99
B08BCH1TJC,$12.99
B07XZD94WJ,$12.99
B07787L89H,$36.90
B07F7Z6KMS,$36.90
B00WQOESK6,$80.00
B07JW9BWFK,$80.00
B00LZM51A6,$80.00
B00WO7UFNO,$80.00
B00RT2T3DC,$80.00
B00WQOESK6,$80.00
B07RKZ9SZV,$10.99
B089YGRPS6,$10.99
B07JZ5LL7K,$10.99
B07RXHDFWW,$10.99
B089Y4QS58,$10.99
B07VCQ869B,$21.99
B07W9JKLGV,$21.99
B08BCH1TJC,$12.99
B07XZD94WJ,$12.99
B07787L89H,$36.90
B07F7Z6KMS,$36.90
B07NM8G14N,$36.90
B00WQOESK6,$80.00
B07JW9BWFK,$80.00
B00LZM51A6,$80.00
B00WO7UFNO,$80.00
B00RT2T3DC,$80.00
B00WQOESK6,$80.00
B07RKZ9SZV,$10.99
B089YGRPS6,$10.99
B07JZ5LL7K,$10.99
B07RXHDFWW,$10.99
B089Y4QS58,$10.99
B07VCQ869B,$21.99
B07W9JKLGV,$21.99
B08BCH1TJC,$12.99
B07XZD94WJ,$12.99
B07787L89H,$36.90
B07F7Z6KMS,$36.90
B07NM8G14N,$36.90
B016P8A1K4,$16.99
B00WQOESK6,$80.00
B07JW9BWFK,$80.00
B00LZM51A6,$80.00
B00WO7UFNO,$80.00
B00RT2T3DC,$80.00
B00WQOESK6,$80.00
B07RKZ9SZV,$10.99
B089YGRPS6,$10.99
B07JZ5LL7K,$10.99
B07RXHDFWW,$10.99
B089Y4QS58,$10.99
B07VCQ869B,$21.99
B07W9JKLGV,$21.99
B08BCH1TJC,$12.99
B07XZD94WJ,$12.99
B07787L89H,$36.90
B07F7Z6KMS,$36.90
B07NM8G14N,$36.90
B016P8A1K4,$16.99
B01J4RCHV4,$16.99
B00WQOESK6,$80.00
B07JW9BWFK,$80.00
B00LZM51A6,$80.00
B00WO7UFNO,$80.00
B00RT2T3DC,$80.00
B00WQOESK6,$80.00
B07RKZ9SZV,$10.99
B089YGRPS6,$10.99
B07JZ5LL7K,$10.99
B07RXHDFWW,$10.99
B089Y4QS58,$10.99
B07VCQ869B,$21.99
B07W9JKLGV,$21.99
B08BCH1TJC,$12.99
B07XZD94WJ,$12.99
B07787L89H,$36.90
B07F7Z6KMS,$36.90
B07NM8G14N,$36.90
B016P8A1K4,$16.99
B01J4RCHV4,$16.99
B01J4RCIP4,$16.99
B00WQOESK6,$80.00
B07JW9BWFK,$80.00
B00LZM51A6,$80.00
B00WO7UFNO,$80.00
B00RT2T3DC,$80.00
B00WQOESK6,$80.00
B07RKZ9SZV,$10.99
B089YGRPS6,$10.99
B07JZ5LL7K,$10.99
B07RXHDFWW,$10.99
B089Y4QS58,$10.99
B07VCQ869B,$21.99
B07W9JKLGV,$21.99
B08BCH1TJC,$12.99
B07XZD94WJ,$12.99
B07787L89H,$36.90
B07F7Z6KMS,$36.90
B07NM8G14N,$36.90
B016P8A1K4,$16.99
B01J4RCHV4,$16.99
B01J4RCIP4,$16.99
B01J4RCJ9O,$16.99
